ProductID;Name;ProductNumber;Modelo;Categoria;Subcategoria;Color;Size;Weight;SellStartDate;SellEndDate;DiscontinuedDate
"911";"LL Road Seat/Saddle";"SE-R581";"LL Road Seat/Saddle 1";"Components";"Saddles";"";"";"";"01-07-2007";"";""
"766";"Road-650 Black, 60";"BK-R50B-60";"Road-650";"Bikes";"Road Bikes";"Black";"60";"9026";"01-07-2005";"30-06-2007";""
"785";"Mountain-300 Black, 38";"BK-M47B-38";"Mountain-300";"Bikes";"Mountain Bikes";"Black";"38";"11499";"01-07-2006";"30-06-2007";""
"905";"ML Mountain Frame-W - Silver, 42";"FR-M63S-42";"ML Mountain Frame-W";"Components";"Mountain Frames";"Silver";"42";"1275";"01-07-2007";"";""
"994";"LL Bottom Bracket";"BB-7421";"LL Bottom Bracket";"Components";"Bottom Brackets";"";"";"223";"01-07-2007";"";""
"895";"LL Touring Frame - Blue, 50";"FR-T67U-50";"LL Touring Frame";"Components";"Touring Frames";"Blue";"50";"1406";"01-07-2007";"";""
"776";"Mountain-100 Black, 42";"BK-M82B-42";"Mountain-100";"Bikes";"Mountain Bikes";"Black";"42";"9421";"01-07-2005";"30-06-2006";""
"787";"Mountain-300 Black, 44";"BK-M47B-44";"Mountain-300";"Bikes";"Mountain Bikes";"Black";"44";"11852";"01-07-2006";"30-06-2007";""
"847";"Headlights - Dual-Beam";"LT-H902";"Headlights - Dual-Beam";"Accessories";"Lights";"";"";"";"01-07-2006";"30-06-2007";""
"997";"Road-750 Black, 44";"BK-R19B-44";"Road-750";"Bikes";"Road Bikes";"Black";"44";"8967";"01-07-2007";"";""
"838";"HL Road Frame - Black, 44";"FR-R92B-44";"HL Road Frame";"Components";"Road Frames";"Black";"44";"962";"01-07-2006";"";""
"868";"Women's Mountain Shorts, M";"SH-W890-M";"Women's Mountain Shorts";"Clothing";"Shorts";"Black";"M";"";"01-07-2007";"";""
"824";"ML Mountain Rear Wheel";"RW-M762";"ML Mountain Rear Wheel";"Components";"Wheels";"Black";"";"";"01-07-2006";"30-06-2007";""
"835";"ML Road Frame-W - Yellow, 44";"FR-R72Y-44";"ML Road Frame-W";"Components";"Road Frames";"Yellow";"44";"1043";"01-07-2006";"";""
"887";"HL Touring Frame - Yellow, 46";"FR-T98Y-46";"HL Touring Frame";"Components";"Touring Frames";"Yellow";"46";"1343";"01-07-2007";"";""
"938";"LL Road Pedal";"PD-R347";"LL Road Pedal";"Components";"Pedals";"Silver/Black";"";"189";"01-07-2007";"";""
"971";"Touring-2000 Blue, 50";"BK-T44U-50";"Touring-2000";"Bikes";"Touring Bikes";"Blue";"50";"12437";"01-07-2007";"";""
"782";"Mountain-200 Black, 38";"BK-M68B-38";"Mountain-200";"Bikes";"Mountain Bikes";"Black";"38";"10591";"01-07-2006";"";""
"956";"Touring-1000 Yellow, 54";"BK-T79Y-54";"Touring-1000";"Bikes";"Touring Bikes";"Yellow";"54";"11648";"01-07-2007";"";""
"764";"Road-650 Red, 52";"BK-R50R-52";"Road-650";"Bikes";"Road Bikes";"Red";"52";"8809";"01-07-2005";"30-06-2007";""
"987";"Mountain-500 Silver, 48";"BK-M18S-48";"Mountain-500";"Bikes";"Mountain Bikes";"Silver";"48";"12891";"01-07-2007";"";""
"708";"Sport-100 Helmet, Black";"HL-U509";"Sport-100";"Accessories";"Helmets";"Black";"";"";"01-07-2005";"";""
"741";"HL Mountain Frame - Silver, 48";"FR-M94S-52";"HL Mountain Frame";"Components";"Mountain Frames";"Silver";"48";"1270";"01-07-2005";"30-06-2006";""
"948";"Front Brakes";"FB-9873";"Front Brakes";"Components";"Brakes";"Silver";"";"317";"01-07-2007";"";""
"833";"ML Road Frame-W - Yellow, 40";"FR-R72Y-40";"ML Road Frame-W";"Components";"Road Frames";"Yellow";"40";"1007";"01-07-2006";"";""
"720";"HL Road Frame - Red, 52";"FR-R92R-52";"HL Road Frame";"Components";"Road Frames";"Red";"52";"998";"01-07-2005";"";""
"756";"Road-450 Red, 44";"BK-R68R-44";"Road-450";"Bikes";"Road Bikes";"Red";"44";"7607";"01-07-2005";"30-06-2006";""
"836";"ML Road Frame-W - Yellow, 48";"FR-R72Y-48";"ML Road Frame-W";"Components";"Road Frames";"Yellow";"48";"1061";"01-07-2006";"";""
"823";"LL Mountain Rear Wheel";"RW-M423";"LL Mountain Rear Wheel";"Components";"Wheels";"Black";"";"";"01-07-2006";"30-06-2007";""
"806";"ML Headset";"HS-2451";"ML Headset";"Components";"Headsets";"";"";"";"01-07-2006";"30-06-2007";""
"963";"Touring-3000 Yellow, 54";"BK-T18Y-54";"Touring-3000";"Bikes";"Touring Bikes";"Yellow";"54";"13345";"01-07-2007";"";""
"957";"Touring-1000 Yellow, 60";"BK-T79Y-60";"Touring-1000";"Bikes";"Touring Bikes";"Yellow";"60";"11748";"01-07-2007";"";""
"910";"HL Mountain Seat/Saddle";"SE-M940";"HL Mountain Seat/Saddle 2";"Components";"Saddles";"";"";"";"01-07-2007";"";""
"988";"Mountain-500 Silver, 52";"BK-M18S-52";"Mountain-500";"Bikes";"Mountain Bikes";"Silver";"52";"13009";"01-07-2007";"";""
"713";"Long-Sleeve Logo Jersey, S";"LJ-0192-S";"Long-Sleeve Logo Jersey";"Clothing";"Jerseys";"Multi";"S";"";"01-07-2005";"";""
"954";"Touring-1000 Yellow, 46";"BK-T79Y-46";"Touring-1000";"Bikes";"Touring Bikes";"Yellow";"46";"11399";"01-07-2007";"";""
"769";"Road-650 Black, 48";"BK-R50B-48";"Road-650";"Bikes";"Road Bikes";"Black";"48";"8677";"01-07-2005";"30-06-2007";""
"854";"Women's Tights, L";"TG-W091-L";"Women's Tights";"Clothing";"Tights";"Black";"L";"";"01-07-2006";"30-06-2007";""
"991";"Mountain-500 Black, 44";"BK-M18B-44";"Mountain-500";"Bikes";"Mountain Bikes";"Black";"44";"12759";"01-07-2007";"";""
"907";"Rear Brakes";"RB-9231";"Rear Brakes";"Components";"Brakes";"Silver";"";"317";"01-07-2007";"";""
"834";"ML Road Frame-W - Yellow, 42";"FR-R72Y-42";"ML Road Frame-W";"Components";"Road Frames";"Yellow";"42";"1025";"01-07-2006";"";""
"856";"Men's Bib-Shorts, M";"SB-M891-M";"Men's Bib-Shorts";"Clothing";"Bib-Shorts";"Multi";"M";"";"01-07-2006";"30-06-2007";""
"753";"Road-150 Red, 56";"BK-R93R-56";"Road-150";"Bikes";"Road Bikes";"Red";"56";"6659";"01-07-2005";"30-06-2006";""
"819";"ML Road Front Wheel";"FW-R762";"ML Road Front Wheel";"Components";"Wheels";"Black";"";"850";"01-07-2006";"30-06-2007";""
"841";"Men's Sports Shorts, S";"SH-M897-S";"Men's Sports Shorts";"Clothing";"Shorts";"Black";"S";"";"01-07-2006";"30-06-2007";""
"828";"HL Road Rear Wheel";"RW-R820";"HL Road Rear Wheel";"Components";"Wheels";"Black";"";"890";"01-07-2006";"30-06-2007";""
"817";"HL Mountain Front Wheel";"FW-M928";"HL Mountain Front Wheel";"Components";"Wheels";"Black";"";"";"01-07-2006";"30-06-2007";""
"890";"HL Touring Frame - Blue, 46";"FR-T98U-46";"HL Touring Frame";"Components";"Touring Frames";"Blue";"46";"1343";"01-07-2007";"";""
"839";"HL Road Frame - Black, 48";"FR-R92B-48";"HL Road Frame";"Components";"Road Frames";"Black";"48";"980";"01-07-2006";"";""
"763";"Road-650 Red, 48";"BK-R50R-48";"Road-650";"Bikes";"Road Bikes";"Red";"48";"8677";"01-07-2005";"30-06-2007";""
"792";"Road-250 Red, 58";"BK-R89R-58";"Road-250";"Bikes";"Road Bikes";"Red";"58";"7162";"01-07-2006";"";""
"906";"ML Mountain Frame-W - Silver, 46";"FR-M63S-46";"ML Mountain Frame-W";"Components";"Mountain Frames";"Silver";"46";"1293";"01-07-2007";"";""
"892";"HL Touring Frame - Blue, 54";"FR-T98U-54";"HL Touring Frame";"Components";"Touring Frames";"Blue";"54";"1379";"01-07-2007";"";""
"990";"Mountain-500 Black, 42";"BK-M18B-42";"Mountain-500";"Bikes";"Mountain Bikes";"Black";"42";"12596";"01-07-2007";"";""
"881";"Short-Sleeve Classic Jersey, S";"SJ-0194-S";"Short-Sleeve Classic Jersey";"Clothing";"Jerseys";"Yellow";"S";"";"01-07-2007";"";""
"960";"Touring-3000 Blue, 62";"BK-T18U-62";"Touring-3000";"Bikes";"Touring Bikes";"Blue";"62";"13608";"01-07-2007";"";""
"942";"ML Mountain Frame-W - Silver, 38";"FR-M63S-38";"ML Mountain Frame-W";"Components";"Mountain Frames";"Silver";"38";"1238";"01-07-2007";"";""
"770";"Road-650 Black, 52";"BK-R50B-52";"Road-650";"Bikes";"Road Bikes";"Black";"52";"8809";"01-07-2005";"30-06-2007";""
"916";"HL Touring Seat/Saddle";"SE-T924";"HL Touring Seat/Saddle";"Components";"Saddles";"";"";"";"01-07-2007";"";""
"755";"Road-450 Red, 60";"BK-R68R-60";"Road-450";"Bikes";"Road Bikes";"Red";"60";"8119";"01-07-2005";"30-06-2006";""
"862";"Full-Finger Gloves, M";"GL-F110-M";"Full-Finger Gloves";"Clothing";"Gloves";"Black";"M";"";"01-07-2006";"30-06-2007";""
"850";"Men's Sports Shorts, L";"SH-M897-L";"Men's Sports Shorts";"Clothing";"Shorts";"Black";"L";"";"01-07-2006";"30-06-2007";""
"832";"ML Mountain Frame - Black, 48";"FR-M63B-48";"ML Mountain Frame";"Components";"Mountain Frames";"Black";"48";"1293";"01-07-2006";"30-06-2007";""
"903";"LL Touring Frame - Blue, 44";"FR-T67U-44";"LL Touring Frame";"Components";"Touring Frames";"Blue";"44";"1370";"01-07-2007";"";""
"735";"ML Road Frame - Red, 60";"FR-R72R-60";"ML Road Frame";"Components";"Road Frames";"Red";"60";"1080";"01-07-2005";"30-06-2006";""
"898";"LL Touring Frame - Blue, 62";"FR-T67U-62";"LL Touring Frame";"Components";"Touring Frames";"Blue";"62";"1451";"01-07-2007";"";""
"794";"Road-250 Black, 48";"BK-R89B-48";"Road-250";"Bikes";"Road Bikes";"Black";"48";"6863";"01-07-2006";"";""
"722";"LL Road Frame - Black, 58";"FR-R38B-58";"LL Road Frame";"Components";"Road Frames";"Black";"58";"1116";"01-07-2005";"";""
"736";"LL Road Frame - Black, 44";"FR-R38B-44";"LL Road Frame";"Components";"Road Frames";"Black";"44";"1052";"01-07-2005";"";""
"750";"Road-150 Red, 44";"BK-R93R-44";"Road-150";"Bikes";"Road Bikes";"Red";"44";"6246";"01-07-2005";"30-06-2006";""
"874";"Racing Socks, M";"SO-R809-M";"Racing Socks";"Clothing";"Socks";"White";"M";"";"01-07-2007";"";""
"866";"Classic Vest, L";"VE-C304-L";"Classic Vest";"Clothing";"Vests";"Blue";"L";"";"01-07-2007";"";""
"926";"LL Mountain Frame - Black, 48";"FR-M21B-48";"LL Mountain Frame";"Components";"Mountain Frames";"Black";"48";"1361";"01-07-2007";"";""
"733";"ML Road Frame - Red, 52";"FR-R72R-52";"ML Road Frame";"Components";"Road Frames";"Red";"52";"1043";"01-07-2005";"30-06-2006";""
"977";"Road-750 Black, 58";"BK-R19B-58";"Road-750";"Bikes";"Road Bikes";"Black";"58";"9430";"01-07-2007";"";""
"715";"Long-Sleeve Logo Jersey, L";"LJ-0192-L";"Long-Sleeve Logo Jersey";"Clothing";"Jerseys";"Multi";"L";"";"01-07-2005";"";""
"796";"Road-250 Black, 58";"BK-R89B-58";"Road-250";"Bikes";"Road Bikes";"Black";"58";"7112";"01-07-2006";"";""
"852";"Women's Tights, S";"TG-W091-S";"Women's Tights";"Clothing";"Tights";"Black";"S";"";"01-07-2006";"30-06-2007";""
"920";"LL Mountain Frame - Silver, 52";"FR-M21S-52";"LL Mountain Frame";"Components";"Mountain Frames";"Silver";"52";"1379";"01-07-2007";"";""
"896";"LL Touring Frame - Blue, 54";"FR-T67U-54";"LL Touring Frame";"Components";"Touring Frames";"Blue";"54";"1424";"01-07-2007";"";""
"921";"Mountain Tire Tube";"TT-M928";"Mountain Tire Tube";"Accessories";"Tires and Tubes";"";"";"";"01-07-2007";"";""
"799";"Road-550-W Yellow, 42";"BK-R64Y-42";"Road-550-W";"Bikes";"Road Bikes";"Yellow";"42";"8224";"01-07-2006";"";""
"983";"Mountain-400-W Silver, 46";"BK-M38S-46";"Mountain-400-W";"Bikes";"Mountain Bikes";"Silver";"46";"12437";"01-07-2007";"";""
"864";"Classic Vest, S";"VE-C304-S";"Classic Vest";"Clothing";"Vests";"Blue";"S";"";"01-07-2007";"";""
"891";"HL Touring Frame - Blue, 50";"FR-T98U-50";"HL Touring Frame";"Components";"Touring Frames";"Blue";"50";"1361";"01-07-2007";"";""
"985";"Mountain-500 Silver, 42";"BK-M18S-42";"Mountain-500";"Bikes";"Mountain Bikes";"Silver";"42";"12596";"01-07-2007";"";""
"929";"ML Mountain Tire";"TI-M602";"ML Mountain Tire";"Accessories";"Tires and Tubes";"";"";"";"01-07-2007";"";""
"966";"Touring-1000 Blue, 46";"BK-T79U-46";"Touring-1000";"Bikes";"Touring Bikes";"Blue";"46";"11399";"01-07-2007";"";""
"818";"LL Road Front Wheel";"FW-R623";"LL Road Front Wheel";"Components";"Wheels";"Black";"";"900";"01-07-2006";"30-06-2007";""
"846";"Taillights - Battery-Powered";"LT-T990";"Taillight";"Accessories";"Lights";"";"";"";"01-07-2006";"30-06-2007";""
"913";"HL Road Seat/Saddle";"SE-R995";"HL Road Seat/Saddle 2";"Components";"Saddles";"";"";"";"01-07-2007";"";""
"728";"LL Road Frame - Red, 58";"FR-R38R-58";"LL Road Frame";"Components";"Road Frames";"Red";"58";"1116";"01-07-2005";"30-06-2007";""
"885";"HL Touring Frame - Yellow, 60";"FR-T98Y-60";"HL Touring Frame";"Components";"Touring Frames";"Yellow";"60";"1397";"01-07-2007";"";""
"872";"Road Bottle Cage";"BC-R205";"Road Bottle Cage";"Accessories";"Bottles and Cages";"";"";"";"01-07-2007";"";""
"883";"Short-Sleeve Classic Jersey, L";"SJ-0194-L";"Short-Sleeve Classic Jersey";"Clothing";"Jerseys";"Yellow";"L";"";"01-07-2007";"";""
"989";"Mountain-500 Black, 40";"BK-M18B-40";"Mountain-500";"Bikes";"Mountain Bikes";"Black";"40";"12406";"01-07-2007";"";""
"739";"HL Mountain Frame - Silver, 42";"FR-M94S-42";"HL Mountain Frame";"Components";"Mountain Frames";"Silver";"42";"1234";"01-07-2005";"";""
"840";"HL Road Frame - Black, 52";"FR-R92B-52";"HL Road Frame";"Components";"Road Frames";"Black";"52";"998";"01-07-2006";"";""
"798";"Road-550-W Yellow, 40";"BK-R64Y-40";"Road-550-W";"Bikes";"Road Bikes";"Yellow";"40";"8060";"01-07-2006";"";""
"875";"Racing Socks, L";"SO-R809-L";"Racing Socks";"Clothing";"Socks";"White";"L";"";"01-07-2007";"";""
"869";"Women's Mountain Shorts, L";"SH-W890-L";"Women's Mountain Shorts";"Clothing";"Shorts";"Black";"L";"";"01-07-2007";"";""
"680";"HL Road Frame - Black, 58";"FR-R92B-58";"HL Road Frame";"Components";"Road Frames";"Black";"58";"1016";"01-06-2002";"";""
"779";"Mountain-200 Silver, 38";"BK-M68S-38";"Mountain-200";"Bikes";"Mountain Bikes";"Silver";"38";"10591";"01-07-2006";"";""
"851";"Men's Sports Shorts, XL";"SH-M897-X";"Men's Sports Shorts";"Clothing";"Shorts";"Black";"XL";"";"01-07-2006";"30-06-2007";""
"749";"Road-150 Red, 62";"BK-R93R-62";"Road-150";"Bikes";"Road Bikes";"Red";"62";"6804";"01-07-2005";"30-06-2006";""
"822";"ML Road Frame-W - Yellow, 38";"FR-R72Y-38";"ML Road Frame-W";"Components";"Road Frames";"Yellow";"38";"989";"01-07-2006";"";""
"737";"LL Road Frame - Black, 48";"FR-R38B-48";"LL Road Frame";"Components";"Road Frames";"Black";"48";"1070";"01-07-2005";"";""
"730";"LL Road Frame - Red, 62";"FR-R38R-62";"LL Road Frame";"Components";"Road Frames";"Red";"62";"1134";"01-07-2005";"30-06-2007";""
"808";"LL Mountain Handlebars";"HB-M243";"LL Mountain Handlebars";"Components";"Handlebars";"";"";"";"01-07-2006";"";""
"930";"HL Mountain Tire";"TI-M823";"HL Mountain Tire";"Accessories";"Tires and Tubes";"";"";"";"01-07-2007";"";""
"968";"Touring-1000 Blue, 54";"BK-T79U-54";"Touring-1000";"Bikes";"Touring Bikes";"Blue";"54";"11648";"01-07-2007";"";""
"777";"Mountain-100 Black, 44";"BK-M82B-44";"Mountain-100";"Bikes";"Mountain Bikes";"Black";"44";"9584";"01-07-2005";"30-06-2006";""
"945";"Front Derailleur";"FD-2342";"Front Derailleur";"Components";"Derailleurs";"Silver";"";"88";"01-07-2007";"";""
"721";"HL Road Frame - Red, 56";"FR-R92R-56";"HL Road Frame";"Components";"Road Frames";"Red";"56";"1016";"01-07-2005";"";""
"761";"Road-650 Red, 62";"BK-R50R-62";"Road-650";"Bikes";"Road Bikes";"Red";"62";"9072";"01-07-2005";"30-06-2007";""
"717";"HL Road Frame - Red, 62";"FR-R92R-62";"HL Road Frame";"Components";"Road Frames";"Red";"62";"1043";"01-07-2005";"";""
"953";"Touring-2000 Blue, 60";"BK-T44U-60";"Touring-2000";"Bikes";"Touring Bikes";"Blue";"60";"12655";"01-07-2007";"";""
"729";"LL Road Frame - Red, 60";"FR-R38R-60";"LL Road Frame";"Components";"Road Frames";"Red";"60";"1125";"01-07-2005";"30-06-2007";""
"707";"Sport-100 Helmet, Red";"HL-U509-R";"Sport-100";"Accessories";"Helmets";"Red";"";"";"01-07-2005";"";""
"814";"ML Mountain Frame - Black, 38";"FR-M63B-38";"ML Mountain Frame-W";"Components";"Mountain Frames";"Black";"38";"1238";"01-07-2006";"30-06-2007";""
"877";"Bike Wash - Dissolver";"CL-9009";"Bike Wash";"Accessories";"Cleaners";"";"";"";"01-07-2007";"";""
"972";"Touring-2000 Blue, 54";"BK-T44U-54";"Touring-2000";"Bikes";"Touring Bikes";"Blue";"54";"12555";"01-07-2007";"";""
"800";"Road-550-W Yellow, 44";"BK-R64Y-44";"Road-550-W";"Bikes";"Road Bikes";"Yellow";"44";"8355";"01-07-2006";"";""
"909";"ML Mountain Seat/Saddle";"SE-M798";"ML Mountain Seat/Saddle 2";"Components";"Saddles";"";"";"";"01-07-2007";"";""
"925";"LL Mountain Frame - Black, 44";"FR-M21B-44";"LL Mountain Frame";"Components";"Mountain Frames";"Black";"44";"1343";"01-07-2007";"";""
"725";"LL Road Frame - Red, 44";"FR-R38R-44";"LL Road Frame";"Components";"Road Frames";"Red";"44";"1052";"01-07-2005";"30-06-2007";""
"724";"LL Road Frame - Black, 62";"FR-R38B-62";"LL Road Frame";"Components";"Road Frames";"Black";"62";"1134";"01-07-2005";"";""
"880";"Hydration Pack - 70 oz.";"HY-1023-70";"Hydration Pack";"Accessories";"Hydration Packs";"Silver";"70";"";"01-07-2007";"";""
"863";"Full-Finger Gloves, L";"GL-F110-L";"Full-Finger Gloves";"Clothing";"Gloves";"Black";"L";"";"01-07-2006";"30-06-2007";""
"984";"Mountain-500 Silver, 40";"BK-M18S-40";"Mountain-500";"Bikes";"Mountain Bikes";"Silver";"40";"12406";"01-07-2007";"";""
"958";"Touring-3000 Blue, 54";"BK-T18U-54";"Touring-3000";"Bikes";"Touring Bikes";"Blue";"54";"13463";"01-07-2007";"";""
"870";"Water Bottle - 30 oz.";"WB-H098";"Water Bottle";"Accessories";"Bottles and Cages";"";"";"";"01-07-2007";"";""
"970";"Touring-2000 Blue, 46";"BK-T44U-46";"Touring-2000";"Bikes";"Touring Bikes";"Blue";"46";"12306";"01-07-2007";"";""
"901";"LL Touring Frame - Yellow, 54";"FR-T67Y-54";"LL Touring Frame";"Components";"Touring Frames";"Yellow";"54";"1424";"01-07-2007";"";""
"974";"Road-350-W Yellow, 42";"BK-R79Y-42";"Road-350-W";"Bikes";"Road Bikes";"Yellow";"42";"7153";"01-07-2007";"";""
"927";"LL Mountain Frame - Black, 52";"FR-M21B-52";"LL Mountain Frame";"Components";"Mountain Frames";"Black";"52";"1379";"01-07-2007";"";""
"936";"ML Mountain Pedal";"PD-M340";"ML Mountain Pedal";"Components";"Pedals";"Silver/Black";"";"215";"01-07-2007";"";""
"934";"Touring Tire";"TI-T723";"Touring Tire";"Accessories";"Tires and Tubes";"";"";"";"01-07-2007";"";""
"897";"LL Touring Frame - Blue, 58";"FR-T67U-58";"LL Touring Frame";"Components";"Touring Frames";"Blue";"58";"1433";"01-07-2007";"";""
"917";"LL Mountain Frame - Silver, 42";"FR-M21S-42";"LL Mountain Frame";"Components";"Mountain Frames";"Silver";"42";"1324";"01-07-2007";"";""
"714";"Long-Sleeve Logo Jersey, M";"LJ-0192-M";"Long-Sleeve Logo Jersey";"Clothing";"Jerseys";"Multi";"M";"";"01-07-2005";"";""
"742";"HL Mountain Frame - Silver, 46";"FR-M94S-46";"HL Mountain Frame";"Components";"Mountain Frames";"Silver";"46";"1288";"01-07-2005";"";""
"867";"Women's Mountain Shorts, S";"SH-W890-S";"Women's Mountain Shorts";"Clothing";"Shorts";"Black";"S";"";"01-07-2007";"";""
"914";"LL Touring Seat/Saddle";"SE-T312";"LL Touring Seat/Saddle";"Components";"Saddles";"";"";"";"01-07-2007";"";""
"946";"LL Touring Handlebars";"HB-T721";"LL Touring Handlebars";"Components";"Handlebars";"";"";"";"01-07-2007";"";""
"775";"Mountain-100 Black, 38";"BK-M82B-38";"Mountain-100";"Bikes";"Mountain Bikes";"Black";"38";"9231";"01-07-2005";"30-06-2006";""
"711";"Sport-100 Helmet, Blue";"HL-U509-B";"Sport-100";"Accessories";"Helmets";"Blue";"";"";"01-07-2005";"";""
"747";"HL Mountain Frame - Black, 38";"FR-M94B-38";"HL Mountain Frame";"Components";"Mountain Frames";"Black";"38";"1216";"01-07-2005";"";""
"937";"HL Mountain Pedal";"PD-M562";"HL Mountain Pedal";"Components";"Pedals";"Silver/Black";"";"185";"01-07-2007";"";""
"845";"Mountain Pump";"PU-M044";"Mountain Pump";"Accessories";"Pumps";"";"";"";"01-07-2006";"30-06-2007";""
"884";"Short-Sleeve Classic Jersey, XL";"SJ-0194-X";"Short-Sleeve Classic Jersey";"Clothing";"Jerseys";"Yellow";"XL";"";"01-07-2007";"";""
"915";"ML Touring Seat/Saddle";"SE-T762";"ML Touring Seat/Saddle";"Components";"Saddles";"";"";"";"01-07-2007";"";""
"919";"LL Mountain Frame - Silver, 48";"FR-M21S-48";"LL Mountain Frame";"Components";"Mountain Frames";"Silver";"48";"1361";"01-07-2007";"";""
"793";"Road-250 Black, 44";"BK-R89B-44";"Road-250";"Bikes";"Road Bikes";"Black";"44";"6700";"01-07-2006";"";""
"861";"Full-Finger Gloves, S";"GL-F110-S";"Full-Finger Gloves";"Clothing";"Gloves";"Black";"S";"";"01-07-2006";"30-06-2007";""
"995";"ML Bottom Bracket";"BB-8107";"ML Bottom Bracket";"Components";"Bottom Brackets";"";"";"168";"01-07-2007";"";""
"955";"Touring-1000 Yellow, 50";"BK-T79Y-50";"Touring-1000";"Bikes";"Touring Bikes";"Yellow";"50";"11530";"01-07-2007";"";""
"979";"Touring-3000 Blue, 50";"BK-T18U-50";"Touring-3000";"Bikes";"Touring Bikes";"Blue";"50";"13213";"01-07-2007";"";""
"748";"HL Mountain Frame - Silver, 38";"FR-M94S-38";"HL Mountain Frame";"Components";"Mountain Frames";"Silver";"38";"1216";"01-07-2005";"";""
"882";"Short-Sleeve Classic Jersey, M";"SJ-0194-M";"Short-Sleeve Classic Jersey";"Clothing";"Jerseys";"Yellow";"M";"";"01-07-2007";"";""
"935";"LL Mountain Pedal";"PD-M282";"LL Mountain Pedal";"Components";"Pedals";"Silver/Black";"";"218";"01-07-2007";"";""
"860";"Half-Finger Gloves, L";"GL-H102-L";"Half-Finger Gloves";"Clothing";"Gloves";"Black";"L";"";"01-07-2006";"";""
"940";"HL Road Pedal";"PD-R853";"HL Road Pedal";"Components";"Pedals";"Silver/Black";"";"149";"01-07-2007";"";""
"791";"Road-250 Red, 52";"BK-R89R-52";"Road-250";"Bikes";"Road Bikes";"Red";"52";"6994";"01-07-2006";"30-06-2007";""
"752";"Road-150 Red, 52";"BK-R93R-52";"Road-150";"Bikes";"Road Bikes";"Red";"52";"6541";"01-07-2005";"30-06-2006";""
"706";"HL Road Frame - Red, 58";"FR-R92R-58";"HL Road Frame";"Components";"Road Frames";"Red";"58";"1016";"01-06-2002";"";""
"813";"HL Road Handlebars";"HB-R956";"HL Road Handlebars";"Components";"Handlebars";"";"";"";"01-07-2006";"";""
"842";"Touring-Panniers, Large";"PA-T100";"Touring-Panniers";"Accessories";"Panniers";"Grey";"";"";"01-07-2006";"30-06-2007";""
"922";"Road Tire Tube";"TT-R982";"Road Tire Tube";"Accessories";"Tires and Tubes";"";"";"";"01-07-2007";"";""
"924";"LL Mountain Frame - Black, 42";"FR-M21B-42";"LL Mountain Frame";"Components";"Mountain Frames";"Black";"42";"1324";"01-07-2007";"";""
"873";"Patch Kit/8 Patches";"PK-7098";"Patch kit";"Accessories";"Tires and Tubes";"";"";"";"01-07-2007";"";""
"879";"All-Purpose Bike Stand";"ST-1401";"All-Purpose Bike Stand";"Accessories";"Bike Stands";"";"";"";"01-07-2007";"";""
"727";"LL Road Frame - Red, 52";"FR-R38R-52";"LL Road Frame";"Components";"Road Frames";"Red";"52";"1089";"01-07-2005";"30-06-2007";""
"719";"HL Road Frame - Red, 48";"FR-R92R-48";"HL Road Frame";"Components";"Road Frames";"Red";"48";"980";"01-07-2005";"";""
"902";"LL Touring Frame - Yellow, 58";"FR-T67Y-58";"LL Touring Frame";"Components";"Touring Frames";"Yellow";"58";"1433";"01-07-2007";"";""
"762";"Road-650 Red, 44";"BK-R50R-44";"Road-650";"Bikes";"Road Bikes";"Red";"44";"8514";"01-07-2005";"30-06-2007";""
"826";"LL Road Rear Wheel";"RW-R623";"LL Road Rear Wheel";"Components";"Wheels";"Black";"";"1050";"01-07-2006";"30-06-2007";""
"843";"Cable Lock";"LO-C100";"Cable Lock";"Accessories";"Locks";"";"";"";"01-07-2006";"30-06-2007";""
"999";"Road-750 Black, 52";"BK-R19B-52";"Road-750";"Bikes";"Road Bikes";"Black";"52";"9262";"01-07-2007";"";""
"967";"Touring-1000 Blue, 50";"BK-T79U-50";"Touring-1000";"Bikes";"Touring Bikes";"Blue";"50";"11530";"01-07-2007";"";""
"918";"LL Mountain Frame - Silver, 44";"FR-M21S-44";"LL Mountain Frame";"Components";"Mountain Frames";"Silver";"44";"1343";"01-07-2007";"";""
"744";"HL Mountain Frame - Black, 44";"FR-M94B-44";"HL Mountain Frame";"Components";"Mountain Frames";"Black";"44";"1252";"01-07-2005";"30-06-2006";""
"754";"Road-450 Red, 58";"BK-R68R-58";"Road-450";"Bikes";"Road Bikes";"Red";"58";"8069";"01-07-2005";"30-06-2006";""
"980";"Mountain-400-W Silver, 38";"BK-M38S-38";"Mountain-400-W";"Bikes";"Mountain Bikes";"Silver";"38";"11952";"01-07-2007";"";""
"952";"Chain";"CH-0234";"Chain";"Components";"Chains";"Silver";"";"";"01-07-2007";"";""
"726";"LL Road Frame - Red, 48";"FR-R38R-48";"LL Road Frame";"Components";"Road Frames";"Red";"48";"1070";"01-07-2005";"30-06-2007";""
"758";"Road-450 Red, 52";"BK-R68R-52";"Road-450";"Bikes";"Road Bikes";"Red";"52";"7902";"01-07-2005";"30-06-2006";""
"807";"HL Headset";"HS-3479";"HL Headset";"Components";"Headsets";"";"";"";"01-07-2006";"30-06-2007";""
"759";"Road-650 Red, 58";"BK-R50R-58";"Road-650";"Bikes";"Road Bikes";"Red";"58";"8977";"01-07-2005";"30-06-2007";""
"993";"Mountain-500 Black, 52";"BK-M18B-52";"Mountain-500";"Bikes";"Mountain Bikes";"Black";"52";"13009";"01-07-2007";"";""
"767";"Road-650 Black, 62";"BK-R50B-62";"Road-650";"Bikes";"Road Bikes";"Black";"62";"9072";"01-07-2005";"30-06-2007";""
"893";"HL Touring Frame - Blue, 60";"FR-T98U-60";"HL Touring Frame";"Components";"Touring Frames";"Blue";"60";"1397";"01-07-2007";"";""
"871";"Mountain Bottle Cage";"BC-M005";"Mountain Bottle Cage";"Accessories";"Bottles and Cages";"";"";"";"01-07-2007";"";""
"816";"ML Mountain Front Wheel";"FW-M762";"ML Mountain Front Wheel";"Components";"Wheels";"Black";"";"";"01-07-2006";"30-06-2007";""
"900";"LL Touring Frame - Yellow, 50";"FR-T67Y-50";"LL Touring Frame";"Components";"Touring Frames";"Yellow";"50";"1406";"01-07-2007";"";""
"774";"Mountain-100 Silver, 48";"BK-M82S-48";"Mountain-100";"Bikes";"Mountain Bikes";"Silver";"48";"9716";"01-07-2005";"30-06-2006";""
"830";"ML Mountain Frame - Black, 40";"FR-M63B-40";"ML Mountain Frame";"Components";"Mountain Frames";"Black";"40";"1256";"01-07-2006";"30-06-2007";""
"973";"Road-350-W Yellow, 40";"BK-R79Y-40";"Road-350-W";"Bikes";"Road Bikes";"Yellow";"40";"6963";"01-07-2007";"";""
"888";"HL Touring Frame - Yellow, 50";"FR-T98Y-50";"HL Touring Frame";"Components";"Touring Frames";"Yellow";"50";"1361";"01-07-2007";"";""
"904";"ML Mountain Frame-W - Silver, 40";"FR-M63S-40";"ML Mountain Frame-W";"Components";"Mountain Frames";"Silver";"40";"1256";"01-07-2007";"";""
"809";"ML Mountain Handlebars";"HB-M763";"ML Mountain Handlebars";"Components";"Handlebars";"";"";"";"01-07-2006";"";""
"772";"Mountain-100 Silver, 42";"BK-M82S-42";"Mountain-100";"Bikes";"Mountain Bikes";"Silver";"42";"9421";"01-07-2005";"30-06-2006";""
"784";"Mountain-200 Black, 46";"BK-M68B-46";"Mountain-200";"Bikes";"Mountain Bikes";"Black";"46";"10945";"01-07-2006";"";""
"878";"Fender Set - Mountain";"FE-6654";"Fender Set - Mountain";"Accessories";"Fenders";"";"";"";"01-07-2007";"";""
"944";"LL Mountain Frame - Silver, 40";"FR-M21S-40";"LL Mountain Frame";"Components";"Mountain Frames";"Silver";"40";"1306";"01-07-2007";"";""
"981";"Mountain-400-W Silver, 40";"BK-M38S-40";"Mountain-400-W";"Bikes";"Mountain Bikes";"Silver";"40";"12143";"01-07-2007";"";""
"932";"ML Road Tire";"TI-R628";"ML Road Tire";"Accessories";"Tires and Tubes";"";"";"";"01-07-2007";"";""
"745";"HL Mountain Frame - Black, 48";"FR-M94B-48";"HL Mountain Frame";"Components";"Mountain Frames";"Black";"48";"1270";"01-07-2005";"30-06-2006";""
"965";"Touring-3000 Yellow, 62";"BK-T18Y-62";"Touring-3000";"Bikes";"Touring Bikes";"Yellow";"62";"13608";"01-07-2007";"";""
"780";"Mountain-200 Silver, 42";"BK-M68S-42";"Mountain-200";"Bikes";"Mountain Bikes";"Silver";"42";"10782";"01-07-2006";"";""
"876";"Hitch Rack - 4-Bike";"RA-H123";"Hitch Rack - 4-Bike";"Accessories";"Bike Racks";"";"";"";"01-07-2007";"";""
"986";"Mountain-500 Silver, 44";"BK-M18S-44";"Mountain-500";"Bikes";"Mountain Bikes";"Silver";"44";"12759";"01-07-2007";"";""
"710";"Mountain Bike Socks, L";"SO-B909-L";"Mountain Bike Socks";"Clothing";"Socks";"White";"L";"";"01-07-2005";"30-06-2006";""
"803";"ML Fork";"FK-5136";"ML Fork";"Components";"Forks";"";"";"";"01-07-2006";"30-06-2007";""
"899";"LL Touring Frame - Yellow, 44";"FR-T67Y-44";"LL Touring Frame";"Components";"Touring Frames";"Yellow";"44";"1370";"01-07-2007";"";""
"848";"Headlights - Weatherproof";"LT-H903";"Headlights - Weatherproof";"Accessories";"Lights";"";"";"";"01-07-2006";"30-06-2007";""
"740";"HL Mountain Frame - Silver, 44";"FR-M94S-44";"HL Mountain Frame";"Components";"Mountain Frames";"Silver";"44";"1252";"01-07-2005";"30-06-2006";""
"992";"Mountain-500 Black, 48";"BK-M18B-48";"Mountain-500";"Bikes";"Mountain Bikes";"Black";"48";"12891";"01-07-2007";"";""
"962";"Touring-3000 Yellow, 50";"BK-T18Y-50";"Touring-3000";"Bikes";"Touring Bikes";"Yellow";"50";"13213";"01-07-2007";"";""
"718";"HL Road Frame - Red, 44";"FR-R92R-44";"HL Road Frame";"Components";"Road Frames";"Red";"44";"962";"01-07-2005";"";""
"789";"Road-250 Red, 44";"BK-R89R-44";"Road-250";"Bikes";"Road Bikes";"Red";"44";"6700";"01-07-2006";"30-06-2007";""
"939";"ML Road Pedal";"PD-R563";"ML Road Pedal";"Components";"Pedals";"Silver/Black";"";"168";"01-07-2007";"";""
"943";"LL Mountain Frame - Black, 40";"FR-M21B-40";"LL Mountain Frame";"Components";"Mountain Frames";"Black";"40";"1306";"01-07-2007";"";""
"978";"Touring-3000 Blue, 44";"BK-T18U-44";"Touring-3000";"Bikes";"Touring Bikes";"Blue";"44";"13050";"01-07-2007";"";""
"773";"Mountain-100 Silver, 44";"BK-M82S-44";"Mountain-100";"Bikes";"Mountain Bikes";"Silver";"44";"9584";"01-07-2005";"30-06-2006";""
"825";"HL Mountain Rear Wheel";"RW-M928";"HL Mountain Rear Wheel";"Components";"Wheels";"Black";"";"";"01-07-2006";"30-06-2007";""
"810";"HL Mountain Handlebars";"HB-M918";"HL Mountain Handlebars";"Components";"Handlebars";"";"";"";"01-07-2006";"";""
"853";"Women's Tights, M";"TG-W091-M";"Women's Tights";"Clothing";"Tights";"Black";"M";"";"01-07-2006";"30-06-2007";""
"912";"ML Road Seat/Saddle";"SE-R908";"ML Road Seat/Saddle 2";"Components";"Saddles";"";"";"";"01-07-2007";"";""
"734";"ML Road Frame - Red, 58";"FR-R72R-58";"ML Road Frame";"Components";"Road Frames";"Red";"58";"1070";"01-07-2005";"30-06-2006";""
"998";"Road-750 Black, 48";"BK-R19B-48";"Road-750";"Bikes";"Road Bikes";"Black";"48";"9131";"01-07-2007";"";""
"783";"Mountain-200 Black, 42";"BK-M68B-42";"Mountain-200";"Bikes";"Mountain Bikes";"Black";"42";"10782";"01-07-2006";"";""
"908";"LL Mountain Seat/Saddle";"SE-M236";"LL Mountain Seat/Saddle 2";"Components";"Saddles";"";"";"";"01-07-2007";"";""
"982";"Mountain-400-W Silver, 42";"BK-M38S-42";"Mountain-400-W";"Bikes";"Mountain Bikes";"Silver";"42";"12306";"01-07-2007";"";""
"804";"HL Fork";"FK-9939";"HL Fork";"Components";"Forks";"";"";"";"01-07-2006";"30-06-2007";""
"933";"HL Road Tire";"TI-R982";"HL Road Tire";"Accessories";"Tires and Tubes";"";"";"";"01-07-2007";"";""
"771";"Mountain-100 Silver, 38";"BK-M82S-38";"Mountain-100";"Bikes";"Mountain Bikes";"Silver";"38";"9231";"01-07-2005";"30-06-2006";""
"757";"Road-450 Red, 48";"BK-R68R-48";"Road-450";"Bikes";"Road Bikes";"Red";"48";"7770";"01-07-2005";"30-06-2006";""
"778";"Mountain-100 Black, 48";"BK-M82B-48";"Mountain-100";"Bikes";"Mountain Bikes";"Black";"48";"9716";"01-07-2005";"30-06-2006";""
"950";"ML Crankset";"CS-6583";"ML Crankset";"Components";"Cranksets";"Black";"";"635";"01-07-2007";"";""
"941";"Touring Pedal";"PD-T852";"Touring Pedal";"Components";"Pedals";"Silver/Black";"";"";"01-07-2007";"";""
"827";"ML Road Rear Wheel";"RW-R762";"ML Road Rear Wheel";"Components";"Wheels";"Black";"";"1000";"01-07-2006";"30-06-2007";""
"738";"LL Road Frame - Black, 52";"FR-R38B-52";"LL Road Frame";"Components";"Road Frames";"Black";"52";"1089";"01-07-2005";"";""
"768";"Road-650 Black, 44";"BK-R50B-44";"Road-650";"Bikes";"Road Bikes";"Black";"44";"8514";"01-07-2005";"30-06-2007";""
"947";"HL Touring Handlebars";"HB-T928";"HL Touring Handlebars";"Components";"Handlebars";"";"";"";"01-07-2007";"";""
"723";"LL Road Frame - Black, 60";"FR-R38B-60";"LL Road Frame";"Components";"Road Frames";"Black";"60";"1125";"01-07-2005";"";""
"815";"LL Mountain Front Wheel";"FW-M423";"LL Mountain Front Wheel";"Components";"Wheels";"Black";"";"";"01-07-2006";"30-06-2007";""
"731";"ML Road Frame - Red, 44";"FR-R72R-44";"ML Road Frame";"Components";"Road Frames";"Red";"44";"1007";"01-07-2005";"30-06-2006";""
"765";"Road-650 Black, 58";"BK-R50B-58";"Road-650";"Bikes";"Road Bikes";"Black";"58";"8977";"01-07-2005";"30-06-2007";""
"857";"Men's Bib-Shorts, L";"SB-M891-L";"Men's Bib-Shorts";"Clothing";"Bib-Shorts";"Multi";"L";"";"01-07-2006";"30-06-2007";""
"858";"Half-Finger Gloves, S";"GL-H102-S";"Half-Finger Gloves";"Clothing";"Gloves";"Black";"S";"";"01-07-2006";"";""
"801";"Road-550-W Yellow, 48";"BK-R64Y-48";"Road-550-W";"Bikes";"Road Bikes";"Yellow";"48";"8473";"01-07-2006";"";""
"928";"LL Mountain Tire";"TI-M267";"LL Mountain Tire";"Accessories";"Tires and Tubes";"";"";"";"01-07-2007";"";""
"964";"Touring-3000 Yellow, 58";"BK-T18Y-58";"Touring-3000";"Bikes";"Touring Bikes";"Yellow";"58";"13512";"01-07-2007";"";""
"812";"ML Road Handlebars";"HB-R720";"ML Road Handlebars";"Components";"Handlebars";"";"";"";"01-07-2006";"";""
"760";"Road-650 Red, 60";"BK-R50R-60";"Road-650";"Bikes";"Road Bikes";"Red";"60";"9026";"01-07-2005";"30-06-2007";""
"949";"LL Crankset";"CS-4759";"LL Crankset";"Components";"Cranksets";"Black";"";"600";"01-07-2007";"";""
"716";"Long-Sleeve Logo Jersey, XL";"LJ-0192-X";"Long-Sleeve Logo Jersey";"Clothing";"Jerseys";"Multi";"XL";"";"01-07-2005";"";""
"859";"Half-Finger Gloves, M";"GL-H102-M";"Half-Finger Gloves";"Clothing";"Gloves";"Black";"M";"";"01-07-2006";"";""
"889";"HL Touring Frame - Yellow, 54";"FR-T98Y-54";"HL Touring Frame";"Components";"Touring Frames";"Yellow";"54";"1379";"01-07-2007";"";""
"743";"HL Mountain Frame - Black, 42";"FR-M94B-42";"HL Mountain Frame";"Components";"Mountain Frames";"Black";"42";"1234";"01-07-2005";"";""
"811";"LL Road Handlebars";"HB-R504";"LL Road Handlebars";"Components";"Handlebars";"";"";"";"01-07-2006";"";""
"829";"Touring Rear Wheel";"RW-T905";"Touring Rear Wheel";"Components";"Wheels";"Black";"";"";"01-07-2006";"30-06-2007";""
"975";"Road-350-W Yellow, 44";"BK-R79Y-44";"Road-350-W";"Bikes";"Road Bikes";"Yellow";"44";"7316";"01-07-2007";"";""
"951";"HL Crankset";"CS-9183";"HL Crankset";"Components";"Cranksets";"Black";"";"575";"01-07-2007";"";""
"751";"Road-150 Red, 48";"BK-R93R-48";"Road-150";"Bikes";"Road Bikes";"Red";"48";"6409";"01-07-2005";"30-06-2006";""
"709";"Mountain Bike Socks, M";"SO-B909-M";"Mountain Bike Socks";"Clothing";"Socks";"White";"M";"";"01-07-2005";"30-06-2006";""
"746";"HL Mountain Frame - Black, 46";"FR-M94B-46";"HL Mountain Frame";"Components";"Mountain Frames";"Black";"46";"1288";"01-07-2005";"";""
"886";"LL Touring Frame - Yellow, 62";"FR-T67Y-62";"LL Touring Frame";"Components";"Touring Frames";"Yellow";"62";"1451";"01-07-2007";"";""
"976";"Road-350-W Yellow, 48";"BK-R79Y-48";"Road-350-W";"Bikes";"Road Bikes";"Yellow";"48";"7448";"01-07-2007";"";""
"959";"Touring-3000 Blue, 58";"BK-T18U-58";"Touring-3000";"Bikes";"Touring Bikes";"Blue";"58";"13562";"01-07-2007";"";""
"821";"Touring Front Wheel";"FW-T905";"Touring Front Wheel";"Components";"Wheels";"Black";"";"";"01-07-2006";"30-06-2007";""
"849";"Men's Sports Shorts, M";"SH-M897-M";"Men's Sports Shorts";"Clothing";"Shorts";"Black";"M";"";"01-07-2006";"30-06-2007";""
"931";"LL Road Tire";"TI-R092";"LL Road Tire";"Accessories";"Tires and Tubes";"";"";"";"01-07-2007";"";""
"802";"LL Fork";"FK-1639";"LL Fork";"Components";"Forks";"";"";"";"01-07-2006";"30-06-2007";""
"894";"Rear Derailleur";"RD-2308";"Rear Derailleur";"Components";"Derailleurs";"Silver";"";"215";"01-07-2007";"";""
"844";"Minipump";"PU-0452";"Minipump";"Accessories";"Pumps";"";"";"";"01-07-2006";"30-06-2007";""
"855";"Men's Bib-Shorts, S";"SB-M891-S";"Men's Bib-Shorts";"Clothing";"Bib-Shorts";"Multi";"S";"";"01-07-2006";"30-06-2007";""
"923";"Touring Tire Tube";"TT-T092";"Touring Tire Tube";"Accessories";"Tires and Tubes";"";"";"";"01-07-2007";"";""
"786";"Mountain-300 Black, 40";"BK-M47B-40";"Mountain-300";"Bikes";"Mountain Bikes";"Black";"40";"11689";"01-07-2006";"30-06-2007";""
"795";"Road-250 Black, 52";"BK-R89B-52";"Road-250";"Bikes";"Road Bikes";"Black";"52";"6994";"01-07-2006";"";""
"797";"Road-550-W Yellow, 38";"BK-R64Y-38";"Road-550-W";"Bikes";"Road Bikes";"Yellow";"38";"7870";"01-07-2006";"";""
"820";"HL Road Front Wheel";"FW-R820";"HL Road Front Wheel";"Components";"Wheels";"Black";"";"650";"01-07-2006";"30-06-2007";""
"790";"Road-250 Red, 48";"BK-R89R-48";"Road-250";"Bikes";"Road Bikes";"Red";"48";"6863";"01-07-2006";"30-06-2007";""
"831";"ML Mountain Frame - Black, 44";"FR-M63B-44";"ML Mountain Frame";"Components";"Mountain Frames";"Black";"44";"1275";"01-07-2006";"30-06-2007";""
"961";"Touring-3000 Yellow, 44";"BK-T18Y-44";"Touring-3000";"Bikes";"Touring Bikes";"Yellow";"44";"13050";"01-07-2007";"";""
"969";"Touring-1000 Blue, 60";"BK-T79U-60";"Touring-1000";"Bikes";"Touring Bikes";"Blue";"60";"11748";"01-07-2007";"";""
"788";"Mountain-300 Black, 48";"BK-M47B-48";"Mountain-300";"Bikes";"Mountain Bikes";"Black";"48";"11984";"01-07-2006";"30-06-2007";""
"996";"HL Bottom Bracket";"BB-9108";"HL Bottom Bracket";"Components";"Bottom Brackets";"";"";"170";"01-07-2007";"";""
"732";"ML Road Frame - Red, 48";"FR-R72R-48";"ML Road Frame";"Components";"Road Frames";"Red";"48";"1025";"01-07-2005";"30-06-2006";""
"805";"LL Headset";"HS-0296";"LL Headset";"Components";"Headsets";"";"";"";"01-07-2006";"30-06-2007";""
"712";"AWC Logo Cap";"CA-1098";"Cycling Cap";"Clothing";"Caps";"Multi";"";"";"01-07-2005";"";""
"837";"HL Road Frame - Black, 62";"FR-R92B-62";"HL Road Frame";"Components";"Road Frames";"Black";"62";"1043";"01-07-2006";"";""
"781";"Mountain-200 Silver, 46";"BK-M68S-46";"Mountain-200";"Bikes";"Mountain Bikes";"Silver";"46";"10945";"01-07-2006";"";""
"865";"Classic Vest, M";"VE-C304-M";"Classic Vest";"Clothing";"Vests";"Blue";"M";"";"01-07-2007";"";""
